{"cameraMode":{"drawMode":0,"name":"Shaded","section":"Shading Mode"},"sceneLighting":false,"audioPlay":false,"sceneViewState":{"showFog":true,"showMaterialUpdate":false,"showSkybox":true,"showFlares":true,"showImageEffects":true,"showParticleSystems":true},"in2DMode":false,"pivot":{"x":9.19000244140625,"y":-0.23000001907348634,"z":0.0},"rotation":{"x":-0.13151445984840394,"y":-0.07813180238008499,"z":0.010400705970823765,"w":-0.9881824254989624},"size":2.7600231170654299,"orthographic":false}