{"cameraMode":{"drawMode":0,"name":"Shaded","section":"Shading Mode"},"sceneLighting":true,"audioPlay":false,"sceneViewState":{"showFog":true,"showMaterialUpdate":false,"showSkybox":true,"showFlares":true,"showImageEffects":true,"showParticleSystems":true},"in2DMode":false,"pivot":{"x":206.94711303710938,"y":309.4416809082031,"z":45.489898681640628},"rotation":{"x":-0.13151445984840394,"y":-0.07813180238008499,"z":0.010400705970823765,"w":-0.9881824254989624},"size":553.3529663085938,"orthographic":false}