{"cameraMode":{"drawMode":0,"name":"Shaded","section":"Shading Mode"},"sceneLighting":false,"audioPlay":false,"sceneViewState":{"showFog":true,"showMaterialUpdate":false,"showSkybox":true,"showFlares":true,"showImageEffects":true,"showParticleSystems":true},"in2DMode":false,"pivot":{"x":282.63250732421877,"y":189.86959838867188,"z":73.40969848632813},"rotation":{"x":-0.10499797016382218,"y":-0.04712221026420593,"z":0.004983554128557444,"w":-0.9933508038520813},"size":586.704345703125,"orthographic":false}